player, date, time, item, itemID, itemString, response, votes, class, instance, boss, gear1, gear2, responseID, isAwardReason
Aborinversa-Xavius,02/02/17,21:46:55,[Gauntlets of the Foreseen Vanquisher],143567,143567::::::::110:73::3::::,Den är en Upgrade,4,DRUID,The Nighthold-Normal,Star Augur Etraeus,[Raven's Veil Gloves],nil,2,false
Aborinversa-Xavius,02/02/17,22:52:26,[Leggings of the Foreseen Vanquisher],143569,143569::::::::110:73::3::::,Best In Slot!,4,DRUID,The Nighthold-Normal,Shuyah,[Fevermelt Legguards],nil,1,false
Aborinversa-Xavius,16/02/17,23:10:40,[Etraeus' Celestial Map],140803,140803::::::::110:73::5:3:3516:1492:3336:::,Best In Slot!,1,DRUID,The Nighthold-Heroic,Star Augur Etraeus,[Aluriel's Mirror],[Naglfar Fare],1,false
Aborinversa-Xavius,23/02/17,20:47:49,[Helm of the Foreseen Vanquisher],143568,143568::::::::110:73::3::::,Best In Slot!,1,DRUID,The Nighthold-Normal,Elisande,[Nightborne Battle-Magus Hood],nil,1,false
Aborinversa-Xavius,02/03/17,21:22:53,[Gloves of Synchronus Elements],140905,140905::::::::110:73::5:5:3516:1808:40:1487:1813:::,~ilvl men bättre stats,2,DRUID,The Nighthold-Heroic,Spellblade Aluriel,[Gravelworn Handguards],nil,3,false
Aborinversa-Xavius,02/03/17,21:43:11,[Chest of the Foreseen Vanquisher],143571,143571::::::::110:73::5:1:570:::,Den är en Upgrade,1,DRUID,The Nighthold-Heroic,Unknown/Chest,[Robe of the Astral Warden],nil,2,false
Aborinversa-Xavius,09/03/17,21:17:42,[Aluriel's Mirror],140795,140795::::::::110:73::5:4:3516:1808:1487:1813:::,Best In Slot!,3,DRUID,The Nighthold-Heroic,Spellblade Aluriel,[Aluriel's Mirror],[Etraeus' Celestial Map],1,false
Aborinversa-Xavius,09/03/17,22:51:22,[Helm of the Foreseen Vanquisher],143568,143568::::::::110:73::5:1:570:::,Den är en Upgrade,2,DRUID,The Nighthold-Heroic,Elisande,[Hood of the Astral Warden],nil,2,false
Ladouche-Al'Akir,02/02/17,21:15:05,[Duskwatch Plate Bracers],140878,140878::::::::110:73::3:3:3514:1472:1813:::,Den är en Upgrade,3,PALADIN,The Nighthold-Normal,Spellblade Aluriel,[Ettinbone Bracers],nil,2,false
Ladouche-Al'Akir,02/02/17,22:34:15,[Helm of the Foreseen Conqueror],143565,143565::::::::110:73::3::::,Best In Slot!,4,PALADIN,The Nighthold-Normal,Elisande,[Venom-Fanged Barbute],nil,1,false
Ladouche-Al'Akir,02/02/17,23:11:31,[Jagged Carapace Wristclamps],140902,140902::::::::110:73::5:3:3444:1482:1813:::,Den är en Upgrade,4,PALADIN,The Nighthold-Heroic,Skorpyron,[Duskwatch Plate Bracers],nil,2,false
Ladouche-Al'Akir,02/02/17,23:15:11,[Leystone-Toe Kickers],140884,140884::::::::110:73::5:3:3444:1502:3337:::,Best In Slot!,0,PALADIN,The Nighthold-Heroic,Skorpyron,[Immaculately Polished Boots],nil,1,false
Ladouche-Al'Akir,23/02/17,22:22:56,[Bridgebreaker Gauntlets],140907,140907::::::::110:73::5:3:3516:1507:3337:::,Best In Slot!,4,PALADIN,The Nighthold-Heroic,Unknown/Chest,[Rockbound Gauntlets],nil,1,false
Ladouche-Al'Akir,23/02/17,22:40:07,[Glistening Meteorite Shard],140845,140845::::::::110:73::5:3:3516:1492:3336:::,Best In Slot!,3,PALADIN,The Nighthold-Heroic,Star Augur Etraeus,[Glistening Meteorite Shard],[Cleansing Isotope],1,false
Ladouche-Al'Akir,02/03/17,20:57:54,[Flickering Timespark],140843,140843::::::::110:73::5:3:3444:1482:1813:::,Best In Slot!,3,PALADIN,The Nighthold-Heroic,Chronomatic Anomaly,[Glistening Meteorite Shard],[Cleansing Isotope],1,false
Ladouche-Al'Akir,02/03/17,22:01:39,[Shoulders of the Foreseen Conqueror],143566,143566::::::::110:73::5:1:570:::,Best In Slot!,4,PALADIN,The Nighthold-Heroic,Tichondrius,[Midnight Herald's Pauldrons],nil,1,false
Ladouche-Al'Akir,02/03/17,22:02:12,[Ring of Exclusive Servitude],140906,140906::::::::110:73::5:3:3516:1492:3336:::,Den är en Upgrade,2,PALADIN,The Nighthold-Heroic,Tichondrius,[Ring of Minute Mirrors],[Ring of Frozen Magic],2,false
Ladouche-Al'Akir,02/03/17,22:27:17,[Gauntlets of the Foreseen Conqueror],143563,143563::::::::110:73::5:1:570:::,Best In Slot!,3,PALADIN,The Nighthold-Heroic,Star Augur Etraeus,[Bridgebreaker Gauntlets],nil,1,false
Ladouche-Al'Akir,09/03/17,21:03:33,[Cloak of the Foreseen Conqueror],143577,143577::::::::110:73::5:1:570:::,Offspec,0,PALADIN,The Nighthold-Heroic,Trilliax,[Whisper of the Nathrezim],nil,4,false
Ladouche-Al'Akir,09/03/17,22:10:58,[Brooch of the Astral Scryer],140900,140900::::::::110:73::5:3:3516:1487:1813:::,Best In Slot!,3,PALADIN,The Nighthold-Heroic,Star Augur Etraeus,[Brooch of the Astral Scryer],nil,1,false
Ladouche-Al'Akir,16/03/17,20:39:57,[Manatoxin Gland],140827,140827::::::::110:73::5:3:3444:1482:1813:::,Offspec,0,PALADIN,The Nighthold-Heroic,Skorpyron,nil,nil,4,false
Ladouche-Al'Akir,16/03/17,22:26:08,[Eventide Casque],140881,140881::::::::110:73::5:3:3516:1487:1813:::,Offspec,3,PALADIN,The Nighthold-Heroic,Arcanist Tel'arn,[Helmet of the Highlord],nil,4,false
Cheatinz-Al'Akir,02/02/17,21:02:43,[Cloak of the Foreseen Vanquisher],143578,143578::::::::110:73::3::::,~ilvl men bättre stats,3,ROGUE,The Nighthold-Normal,Trilliax,[Putrid Carapace],nil,3,false
Cheatinz-Al'Akir,02/02/17,22:04:31,[Breath of Dusk],140822,140822::::::::110:73::3:3:3514:1472:1813:::,Best In Slot!,6,ROGUE,The Nighthold-Normal,Arcanist Tel'arn,[Aristocratic Menance],nil,1,false
Cheatinz-Al'Akir,26/02/17,21:17:22,[Helm of the Foreseen Vanquisher],143568,143568::::::::110:73::5:1:570:::,Den är en Upgrade,0,ROGUE,The Nighthold-Heroic,Elisande,[Doomblade Cowl],nil,2,false
Cheatinz-Al'Akir,09/03/17,20:53:34,[Stutterstep Treads],140860,140860::::::::110:73::5:3:3444:1482:1813:::,Offspec,0,ROGUE,The Nighthold-Heroic,Chronomatic Anomaly,[Duskwalker's Footpads],nil,4,false
Cheatinz-Al'Akir,09/03/17,22:26:59,[Nightblooming Frond],140802,140802::::::::110:73::5:3:3516:1487:1813:::,~ilvl men bättre stats,3,ROGUE,The Nighthold-Heroic,Arcanist Tel'arn,[Convergence of Fates],[Eye of Guarm],3,false
Cheatinz-Al'Akir,12/03/17,22:21:37,[Leggings of the Foreseen Vanquisher],143569,143569::::::::110:73::5:1:570:::,Best In Slot!,3,ROGUE,The Nighthold-Heroic,Unknown/Chest,[Charskin Legguards],nil,1,false
Kiork-Al'Akir,02/02/17,21:02:37,[Cloak of the Foreseen Protector],143579,143579::::::::110:73::3::::,Best In Slot!,3,WARRIOR,The Nighthold-Normal,Trilliax,[Drape of the Unworthy],nil,1,false
Kiork-Al'Akir,02/02/17,21:15:44,[Captain's Parade Breastplate],140877,140877::::::::110:73::3:3:3514:1482:3336:::,Best In Slot!,5,WARRIOR,The Nighthold-Normal,Spellblade Aluriel,[Insect-Etched Chestplate],nil,1,false
Kiork-Al'Akir,02/02/17,23:13:05,[Claw of the Crystalline Scorpid],140790,140790::::::::110:73::5:4:3444:1808:1497:3337:::,Den är en Upgrade,2,WARRIOR,The Nighthold-Heroic,Skorpyron,[Spiked Counterweight],[Chaos Talisman],2,false
Kiork-Al'Akir,09/02/17,21:33:08,[Gauntlets of Fractured Eons],140879,140879::::::::110:73::5:3:3444:1482:1813:::,Den är en Upgrade,1,WARRIOR,The Nighthold-Heroic,Chronomatic Anomaly,[The Soulbinder's Gauntlets],nil,2,false
Kiork-Al'Akir,02/03/17,20:49:19,[Radiant String of Scorpid Eyes],140898,140898::::::::110:73::5:3:3444:1482:1813:::,Den är en Upgrade,4,WARRIOR,The Nighthold-Heroic,Skorpyron,[Radiant String of Scorpid Eyes],nil,2,false
Kiork-Al'Akir,02/03/17,21:22:00,[Captain's Parade Breastplate],140877,140877::::::::110:73::5:3:3516:1497:3336:::,Den är en Upgrade,4,WARRIOR,The Nighthold-Heroic,Spellblade Aluriel,[Captain's Parade Breastplate],nil,2,false
Kiork-Al'Akir,02/03/17,21:42:08,[Fingernail of the Fel Brute],140816,140816::::::::110:73::5:3:3516:1487:1813:::,Den är en Upgrade,1,WARRIOR,The Nighthold-Heroic,Unknown/Chest,[Tumultuous Aftershock],nil,2,false
Kiork-Al'Akir,02/03/17,22:27:09,[Gauntlets of the Foreseen Protector],143573,143573::::::::110:73::5:1:570:::,Den är en Upgrade,2,WARRIOR,The Nighthold-Heroic,Star Augur Etraeus,[Gauntlets of Fractured Eons],nil,2,false
Kiork-Al'Akir,02/03/17,23:06:57,[Shoulderguard of the Eclipse],140883,140883::::::::110:73::5:3:3516:1502:3337:::,Den är en Upgrade,4,WARRIOR,The Nighthold-Heroic,Arcanist Tel'arn,[Shoulderplates of Oversized Sorcery],nil,2,false
Kiork-Al'Akir,09/03/17,22:51:03,[Waistplate of Fractured Realities],140912,140912::::::::110:73::5:4:3516:41:1492:3336:::,~ilvl men bättre stats,2,WARRIOR,The Nighthold-Heroic,Elisande,[Slack Tide Girdle],nil,3,false
Kiork-Al'Akir,12/03/17,22:19:50,[Ring of the Scoured Clan],140897,140897::::::::110:73::5:4:3517:42:1492:1813:::,Best In Slot!,4,WARRIOR,The Nighthold-Heroic,Unknown/Chest,[Loop of Vitriolic Intent],[Ayala's Stone Heart],1,false
Kiork-Al'Akir,12/03/17,22:20:36,[Leggings of the Foreseen Protector],143574,143574::::::::110:73::5:1:570:::,Best In Slot!,4,WARRIOR,The Nighthold-Heroic,Unknown/Chest,[Chrono-Tempered Legplates],nil,1,false
Kiork-Al'Akir,16/03/17,21:43:09,[Shoulders of the Foreseen Protector],143576,143576::::::::110:73::5:1:570:::,Best In Slot!,3,WARRIOR,The Nighthold-Heroic,Tichondrius,[Shoulderguard of the Eclipse],nil,1,false
Boltsson-Al'Akir,05/02/17,20:41:41,[Construct Personality Sphere],140838,140838::::::::110:73::5:3:3444:1482:1813:::,Best In Slot!,4,HUNTER,The Nighthold-Heroic,Trilliax,[Fauna Analysis Widget],nil,1,false
Boltsson-Al'Akir,05/02/17,21:02:08,[Emblazoned Duskwatch Belt],140868,140868::::::::110:73::5:4:3516:1808:1487:1813:::,Den är en Upgrade,6,HUNTER,The Nighthold-Heroic,Spellblade Aluriel,[Bramblemail Belt],nil,2,false
Boltsson-Al'Akir,09/02/17,21:33:01,[Pauldrons of Warped Memory],140872,140872::::::::110:73::5:4:3444:41:1482:1813:::,Den är en Upgrade,5,HUNTER,The Nighthold-Heroic,Chronomatic Anomaly,[Tideskorn Mantle],nil,2,false
Boltsson-Al'Akir,09/02/17,22:51:13,[Gauntlets of the Foreseen Protector],143573,143573::::::::110:73::5:1:570:::,Best In Slot!,4,HUNTER,The Nighthold-Heroic,Star Augur Etraeus,[MKII Gyroscopic Stabilizer],nil,1,false
Boltsson-Al'Akir,12/02/17,22:22:46,[Fury of the Burning Sky],140801,140801::::::::110:73::5:3:3516:1487:1813:::,Best In Slot!,5,HUNTER,The Nighthold-Heroic,Arcanist Tel'arn,[Aran's Relaxing Ruby],[Ethereal Urn],1,false
Boltsson-Al'Akir,16/02/17,21:24:54,[Leggings of the Foreseen Protector],143574,143574::::::::110:73::3::::,Best In Slot!,3,HUNTER,The Nighthold-Normal,Unknown/Chest,[Sea Stalker's Leggings],nil,1,false
Boltsson-Al'Akir,19/02/17,21:55:20,[Vampiric Fetish],140819,140819::::::::110:73::5:3:3516:1487:1813:::,Den är en Upgrade,1,HUNTER,The Nighthold-Heroic,Tichondrius,[Foreign Contaminant],nil,2,false
Boltsson-Al'Akir,26/02/17,20:32:30,[Fury of the Burning Sky],140801,140801::::::::110:73::5:5:3516:1808:40:1487:1813:::,Den är en Upgrade,4,HUNTER,The Nighthold-Heroic,Arcanist Tel'arn,[Aran's Relaxing Ruby],[Fury of the Burning Sky],2,false
Boltsson-Al'Akir,26/02/17,20:32:33,[Nightblooming Frond],140802,140802::::::::110:73::5:4:3516:1808:1487:1813:::,Den är en Upgrade,3,HUNTER,The Nighthold-Heroic,Arcanist Tel'arn,[Aran's Relaxing Ruby],[Fury of the Burning Sky],2,false
Boltsson-Al'Akir,02/03/17,23:06:47,[Shal'dorei Weedstompers],140873,140873::::::::110:73::5:3:3516:1492:3336:::,Den är en Upgrade,3,HUNTER,The Nighthold-Heroic,Arcanist Tel'arn,[Ley Dragoon's Stompers],nil,2,false
Boltsson-Al'Akir,05/03/17,20:33:26,[Helm of the Foreseen Protector],143575,143575::::::::110:73::5:1:570:::,Best In Slot!,4,HUNTER,The Nighthold-Heroic,Elisande,[Eagletalon Cowl],nil,1,false
Boltsson-Al'Akir,09/03/17,22:28:06,[Parasitic Spore],140839,140839::::::::110:73::5:3:3516:1487:1813:::,Best In Slot!,5,HUNTER,The Nighthold-Heroic,Arcanist Tel'arn,[Construct Personality Sphere],nil,1,false
Boltsson-Al'Akir,12/03/17,22:19:12,[Netherbranded Shoulderpads],140917,140917::::::::110:73::5:4:3517:1808:1492:1813:::,Best In Slot!,5,HUNTER,The Nighthold-Heroic,Unknown/Chest,[Pauldrons of Warped Memory],nil,1,false
Boltsson-Al'Akir,16/03/17,20:38:59,[Arcanochitin Hauberk],140875,140875::::::::110:73::5:4:3444:42:1482:1813:::,Best In Slot!,2,HUNTER,The Nighthold-Heroic,Skorpyron,[Luminous Bladesworn Hauberk],nil,1,false
Boltsson-Al'Akir,16/03/17,21:28:46,[Chest of the Foreseen Protector],143572,143572::::::::110:73::5:1:570:::,Offspec,0,HUNTER,The Nighthold-Heroic,Unknown/Chest,[Arcanochitin Hauberk],nil,4,false
Elusi-Al'Akir,02/02/17,20:39:29,[Claw of the Crystalline Scorpid],140790,140790::::::::110:73::3:3:3443:1467:1813:::,Offspec,2,PALADIN,The Nighthold-Normal,Skorpyron,[Horn of Valor],[Velen's Future Sight],4,false
Elusi-Al'Akir,02/02/17,21:02:21,[Soggy Manascrubber Brush],140812,140812::::::::110:73::3:3:3443:1467:1813:::,Offspec,2,PALADIN,The Nighthold-Normal,Trilliax,nil,nil,4,false
Elusi-Al'Akir,02/02/17,22:52:50,[Leggings of the Foreseen Conqueror],143564,143564::::::::110:73::3::::,Best In Slot!,4,PALADIN,The Nighthold-Normal,Shuyah,[Skoldiir Legguards],nil,1,false
Elusi-Al'Akir,05/02/17,21:02:34,[Duskwatch Plate Bracers],140878,140878::::::::110:73::5:3:3516:1492:3336:::,Best In Slot!,5,PALADIN,The Nighthold-Heroic,Spellblade Aluriel,[Despair-Bound Armplates],nil,1,false
Elusi-Al'Akir,09/02/17,21:18:35,[Animated Exoskeleton],140789,140789::::::::110:73::5:4:3444:1808:1482:1813:::,Offspec,3,PALADIN,The Nighthold-Heroic,Skorpyron,[Horn of Valor],[Velen's Future Sight],4,false
Elusi-Al'Akir,09/02/17,22:33:20,[Beleron's Choker of Misery],140899,140899::::::::110:73::5:3:3516:1507:3337:::,Best In Slot!,2,PALADIN,The Nighthold-Heroic,Unknown/Chest,[Understone Gorget],nil,1,false
Elusi-Al'Akir,12/02/17,22:23:26,[Shoulderguard of the Eclipse],140883,140883::::::::110:73::5:4:3516:1808:1487:1813:::,Best In Slot!,4,PALADIN,The Nighthold-Heroic,Arcanist Tel'arn,[Skoldiir Shoulderguards],nil,1,false
Elusi-Al'Akir,16/02/17,22:14:58,[Immaculately Polished Boots],140904,140904::::::::110:73::5:4:3444:1808:1487:3336:::,Best In Slot!,4,PALADIN,The Nighthold-Heroic,Trilliax,[Curserunner Soulcrushers],nil,1,false
Elusi-Al'Akir,16/02/17,23:09:03,[Gauntlets of the Foreseen Conqueror],143563,143563::::::::110:73::5:1:570:::,Best In Slot!,3,PALADIN,The Nighthold-Heroic,Star Augur Etraeus,[Stormwake Handguards],nil,1,false
Elusi-Al'Akir,23/02/17,22:24:27,[Chest of the Foreseen Conqueror],143562,143562::::::::110:73::5:1:570:::,Best In Slot!,3,PALADIN,The Nighthold-Heroic,Unknown/Chest,[Insect-Etched Chestplate],nil,1,false
Elusi-Al'Akir,26/02/17,20:32:35,[Eventide Casque],140881,140881::::::::110:73::5:3:3516:1487:1813:::,Den är en Upgrade,3,PALADIN,The Nighthold-Heroic,Arcanist Tel'arn,[Crown of Fallen Kings],nil,2,false
Elusi-Al'Akir,02/03/17,22:01:59,[Dreadlord's Tattered Wingcover],140855,140855::::::::110:73::5:3:3516:1487:1813:::,~ilvl men bättre stats,2,PALADIN,The Nighthold-Heroic,Tichondrius,[Seacursed Wrap],nil,3,false
Elusi-Al'Akir,05/03/17,20:33:35,[Helm of the Foreseen Conqueror],143565,143565::::::::110:73::5:1:570:::,Best In Slot!,4,PALADIN,The Nighthold-Heroic,Elisande,[Eventide Casque],nil,1,false
Elusi-Al'Akir,16/03/17,21:04:04,[Cloak of the Foreseen Conqueror],143577,143577::::::::110:73::5:1:570:::,Offspec,0,PALADIN,The Nighthold-Heroic,Trilliax,[Greatmantle of the Highlord],nil,4,false
Elusi-Al'Akir,16/03/17,21:28:20,[Might of Krosus],140799,140799::::::::110:73::5:3:3516:1487:1813:::,Offspec,2,PALADIN,The Nighthold-Heroic,Unknown/Chest,[Memento of Angerboda],[Claw of the Crystalline Scorpid],4,false
Nellis-Al'Akir,02/02/17,22:05:40,[Grove-Tender's Moccasins],140861,140861::::::::110:73::3:3:3514:1472:1813:::,~ilvl men bättre stats,3,DEMONHUNTER,The Nighthold-Normal,Arcanist Tel'arn,[Shellshock Footguards],nil,3,false
Nellis-Al'Akir,02/02/17,22:19:13,[Shoulders of the Foreseen Conqueror],143566,143566::::::::110:73::3::::,Best In Slot!,3,DEMONHUNTER,The Nighthold-Normal,Tichondrius,[Otherworldy Leather Mantle],nil,1,false
Nellis-Al'Akir,16/02/17,21:11:49,[Cloak of Temporal Recalibration],140910,140910::::::::110:73::3:3:3514:1472:1813:::,Offspec,1,DEMONHUNTER,The Nighthold-Normal,Elisande,[Cape of Second Sight],nil,4,false
Nellis-Al'Akir,16/02/17,21:25:30,[High Shadow Councilor's Wrap],140919,140919::::::::110:73::3:3:3515:1477:1813:::,Candidate didn't respond on time,2,DEMONHUNTER,The Nighthold-Normal,Unknown/Chest,[Bjorn's Hunting Strap],nil,TIMEOUT,false
Nellis-Al'Akir,16/02/17,22:02:33,[Precipice of Eternity],140821,140821::::::::110:73::5:3:3444:1482:1813:::,Den är en Upgrade,3,DEMONHUNTER,The Nighthold-Heroic,Chronomatic Anomaly,[Dead Man's Tale],nil,2,false
Nellis-Al'Akir,16/02/17,22:14:27,[Soggy Manascrubber Brush],140812,140812::::::::110:73::5:3:3444:1482:1813:::,Offspec,1,DEMONHUNTER,The Nighthold-Heroic,Trilliax,nil,nil,4,false
Nellis-Al'Akir,16/02/17,22:43:00,[Beleron's Choker of Misery],140899,140899::::::::110:73::5:4:3516:1808:1492:3336:::,Best In Slot!,2,DEMONHUNTER,The Nighthold-Heroic,Kib,[Chain of the Underking],nil,1,false
Nellis-Al'Akir,16/02/17,23:08:47,[Astromancer's Greatcloak],140909,140909::::::::110:73::5:3:3516:1487:1813:::,Offspec,0,DEMONHUNTER,The Nighthold-Heroic,Star Augur Etraeus,[Cape of Second Sight],nil,4,false
Nellis-Al'Akir,19/02/17,21:54:22,[Shoulders of the Foreseen Conqueror],143566,143566::::::::110:73::5:1:570:::,Den är en Upgrade,0,DEMONHUNTER,The Nighthold-Heroic,Tichondrius,[Shoulderguards of Second Sight],nil,2,false
Nellis-Al'Akir,23/02/17,21:46:24,[Gloves of Synchronus Elements],140905,140905::::::::110:73::5:3:3516:1502:3337:::,Best In Slot!,3,DEMONHUNTER,The Nighthold-Heroic,Spellblade Aluriel,[Gloves of Synchronus Elements],nil,1,false
Nellis-Al'Akir,09/03/17,20:43:09,[Gnawed Nightfallen Britches],140862,140862::::::::110:73::5:4:3444:1808:1482:1813:::,Best In Slot!,1,DEMONHUNTER,The Nighthold-Heroic,Skorpyron,[Legwraps of Second Sight],nil,1,false
Nellis-Al'Akir,09/03/17,21:17:16,[Nightborne Battle-Magus Hood],140866,140866::::::::110:73::5:3:3516:1487:1813:::,Offspec,0,DEMONHUNTER,The Nighthold-Heroic,Spellblade Aluriel,[Hood of the Blind Executioner],nil,4,false
Nellis-Al'Akir,09/03/17,21:49:44,[Writ of Subjugation],140824,140824::::::::110:73::5:3:3516:1487:1813:::,Best In Slot!,2,DEMONHUNTER,The Nighthold-Heroic,Tichondrius,[Fel-Bloated Venom Sac],[Felsworn Covenant],1,false
Nellis-Al'Akir,16/03/17,20:52:54,[Temporally Displaced Gloves],140863,140863::::::::110:73::5:4:3444:1808:1487:3336:::,Offspec,0,DEMONHUNTER,The Nighthold-Heroic,Chronomatic Anomaly,[Gloves of Second Sight],nil,4,false
Nellis-Al'Akir,16/03/17,21:14:44,[Nightborne Battle-Magus Hood],140866,140866::::::::110:73::5:3:3516:1487:1813:::,Offspec,0,DEMONHUNTER,The Nighthold-Heroic,Spellblade Aluriel,[Hood of the Blind Executioner],nil,4,false
Bankishtor-Al'Akir,02/02/17,21:32:46,[Chest of the Foreseen Protector],143572,143572::::::::110:73::3::::,Best In Slot!,4,MONK,The Nighthold-Normal,Unknown/Chest,[Biornskin Vest],nil,1,false
Bankishtor-Al'Akir,02/02/17,21:46:36,[Tempest of the Heavens],140841,140841::::::::110:73::3:3:3514:1472:1813:::,Best In Slot!,6,MONK,The Nighthold-Normal,Star Augur Etraeus,[Gloomy Vortex],[Echoing Madness],1,false
Bankishtor-Al'Akir,02/02/17,22:17:05,[Fang of Tichondrius],140797,140797::::::::110:73::3:3:3514:1472:1813:::,Den är en Upgrade,2,MONK,The Nighthold-Normal,Tichondrius,[Horn of Valor],[Bloodthirsty Instinct],2,false
Dzp-Al'Akir,02/02/17,20:39:18,[Animated Exoskeleton],140789,140789::::::::110:73::3:4:3443:1808:1477:3336:::,Best In Slot!,4,WARRIOR,The Nighthold-Normal,Skorpyron,[Goblet of Nightmarish Ichor],[Darkmoon Deck: Immortality],1,false
Dzp-Al'Akir,02/02/17,22:50:36,[Lionshead Lapel Clasp],140817,140817::::::::110:73::3:3:3515:1477:1813:::,Den är en Upgrade,5,WARRIOR,The Nighthold-Normal,Shuyah,[Tuft of Ironfur],nil,2,false
Dzp-Al'Akir,05/02/17,20:41:47,[Cloak of the Foreseen Protector],143579,143579::::::::110:73::5:1:570:::,Best In Slot!,5,WARRIOR,The Nighthold-Heroic,Trilliax,[Shadowfeather Shawl],nil,1,false
Dzp-Al'Akir,09/02/17,21:02:11,[Phial of Fel Blood],140820,140820::::::::110:73::3:3:3515:1477:1813:::,~ilvl men bättre stats,3,WARRIOR,The Nighthold-Normal,Unknown/Chest,[Misshapen Abomination Heart],nil,3,false
Dzp-Al'Akir,09/02/17,22:01:20,[Captain's Parade Breastplate],140877,140877::::::::110:73::5:4:3516:40:1497:3336:::,Den är en Upgrade,4,WARRIOR,The Nighthold-Heroic,Spellblade Aluriel,[Chestplate of Impenetrable Darkness],nil,2,false
Dzp-Al'Akir,16/02/17,21:12:56,[Helm of the Foreseen Protector],143575,143575::::::::110:73::3::::,Best In Slot!,3,WARRIOR,The Nighthold-Normal,Elisande,[Eventide Casque],nil,1,false
Dzp-Al'Akir,23/02/17,22:24:18,[Fingernail of the Fel Brute],140816,140816::::::::110:73::5:3:3516:1487:1813:::,Best In Slot!,4,WARRIOR,The Nighthold-Heroic,Unknown/Chest,[Lionshead Lapel Clasp],nil,1,false
Dzp-Al'Akir,23/02/17,23:03:27,[Shoulders of the Foreseen Protector],143576,143576::::::::110:73::5:1:570:::,Best In Slot!,3,WARRIOR,The Nighthold-Heroic,Tichondrius,[Crusader's Inferno Pauldrons],nil,1,false
Dzp-Al'Akir,05/03/17,20:34:19,[Helm of the Foreseen Protector],143575,143575::::::::110:73::5:1:570:::,Best In Slot!,3,WARRIOR,The Nighthold-Heroic,Elisande,[Eventide Casque],nil,1,false
Dzp-Al'Akir,16/03/17,20:39:11,[Claw of the Crystalline Scorpid],140790,140790::::::::110:73::5:3:3444:1482:1813:::,Offspec,0,WARRIOR,The Nighthold-Heroic,Skorpyron,[Grotesque Statuette],[Darkmoon Deck: Immortality],4,false
Gregerx-Al'Akir,09/03/17,20:54:42,[Erratic Metronome],140792,140792::::::::110:73::5:3:3444:1482:1813:::,Best In Slot!,3,WARLOCK,The Nighthold-Heroic,Chronomatic Anomaly,[Aran's Relaxing Ruby],[Moonlit Prism],1,false
Gregerx-Al'Akir,09/03/17,20:55:04,[Royal Dagger Haft],140791,140791::::::::110:73::5:3:3444:1482:1813:::,Den är en Upgrade,2,WARLOCK,The Nighthold-Heroic,Chronomatic Anomaly,[Aran's Relaxing Ruby],[Moonlit Prism],2,false
Gregerx-Al'Akir,09/03/17,21:33:58,[Chest of the Foreseen Conqueror],143562,143562::::::::110:73::5:1:570:::,Best In Slot!,3,WARLOCK,The Nighthold-Heroic,Unknown/Chest,[Robes of Fluctuating Energy],nil,1,false
Gregerx-Al'Akir,09/03/17,21:49:39,[Icon of Rot],140798,140798::::::::110:73::5:3:3516:1487:1813:::,~ilvl men bättre stats,1,WARLOCK,The Nighthold-Heroic,Tichondrius,[Aran's Relaxing Ruby],[Erratic Metronome],3,false
Gregerx-Al'Akir,09/03/17,22:09:42,[Gauntlets of the Foreseen Conqueror],143563,143563::::::::110:73::5:1:570:::,Best In Slot!,2,WARLOCK,The Nighthold-Heroic,Star Augur Etraeus,[Bonespeaker Gloves],nil,1,false
Gregerx-Al'Akir,09/03/17,22:27:10,[Woven Lasher Tendril Bracers],140886,140886::::::::110:73::5:3:3516:1487:1813:::,Den är en Upgrade,3,WARLOCK,The Nighthold-Heroic,Arcanist Tel'arn,[Netherwhisper Wristguard],nil,2,false
Gregerx-Al'Akir,16/03/17,20:39:16,[Antiquated Highborne Cinch],140849,140849::::::::110:73::5:3:3444:1482:1813:::,Den är en Upgrade,1,WARLOCK,The Nighthold-Heroic,Skorpyron,[Belt of Eternal Torment],nil,2,false
Gregerx-Al'Akir,16/03/17,20:50:35,[Precipice of Eternity],140821,140821::::::::110:73::5:3:3444:1487:3336:::,Den är en Upgrade,3,WARLOCK,The Nighthold-Heroic,Chronomatic Anomaly,[Specter of Helheim],[Precipice of Eternity],2,false
Gregerx-Al'Akir,16/03/17,21:04:39,[Perpetually Muddy Sandals],140854,140854::::::::110:73::5:4:3444:41:1497:3337:::,Best In Slot!,3,WARLOCK,The Nighthold-Heroic,Trilliax,[Treads of Light],nil,1,false
Gregerx-Al'Akir,16/03/17,21:44:53,[Shoulders of the Foreseen Conqueror],143566,143566::::::::110:73::5:1:570:::,Best In Slot!,2,WARLOCK,The Nighthold-Heroic,Tichondrius,[Roggthread Mantle],nil,1,false
Gregerx-Al'Akir,16/03/17,22:08:51,[Star Gate],140804,140804::::::::110:73::5:3:3516:1487:1813:::,Den är en Upgrade,4,WARLOCK,The Nighthold-Heroic,Star Augur Etraeus,[Kil'jaeden's Burning Wish],[Erratic Metronome],2,false
Gregerx-Al'Akir,16/03/17,22:42:26,[Helm of the Foreseen Conqueror],143565,143565::::::::110:73::5:1:570:::,Best In Slot!,2,WARLOCK,The Nighthold-Heroic,Elisande,[Nighthold Custodian's Hood],nil,1,false
Sneakylimpan-Al'Akir,29/01/17,20:26:48,[Gnawed Nightfallen Britches],140862,140862::::::::110:73::5:4:3444:1808:1482:1813:::,Den är en Upgrade,2,MONK,The Nighthold-Heroic,Skorpyron,[Felbat Leather Leggings],nil,2,false
Sneakylimpan-Al'Akir,29/01/17,20:27:54,[Chittering Mandible],140840,140840::::::::110:73::5:3:3444:1482:1813:::,~ilvl men bättre stats,2,MONK,The Nighthold-Heroic,Skorpyron,[Moonglaive Dervish],[Gloomy Vortex],3,false
Sneakylimpan-Al'Akir,29/01/17,21:22:17,[Cloak of the Foreseen Protector],143579,143579::::::::110:73::5:1:570:::,Best In Slot!,3,MONK,The Nighthold-Heroic,Trilliax,[Seacursed Wrap],nil,1,false
Sneakylimpan-Al'Akir,09/02/17,21:45:12,[Tunic of Unwavering Devotion],140865,140865::::::::110:73::5:3:3444:1487:3336:::,Den är en Upgrade,4,MONK,The Nighthold-Heroic,Trilliax,[Scarred Ragefang Chestpiece],nil,2,false
Sneakylimpan-Al'Akir,09/02/17,22:02:09,[Nightborne Battle-Magus Hood],140866,140866::::::::110:73::5:3:3516:1487:1813:::,Den är en Upgrade,3,MONK,The Nighthold-Heroic,Spellblade Aluriel,[Hood of Enveloped Dissonance],nil,2,false
Sneakylimpan-Al'Akir,09/02/17,22:31:37,[Chest of the Foreseen Protector],143572,143572::::::::110:73::5:1:570:::,Best In Slot!,4,MONK,The Nighthold-Heroic,Unknown/Chest,[Tunic of Unwavering Devotion],nil,1,false
Johnnyy-Al'Akir,29/01/17,22:23:56,[Bracers of Harnessed Flame],140850,140850::::::::110:73::5:3:3516:1492:3336:::,Den är en Upgrade,1,MAGE,The Nighthold-Heroic,Spellblade Aluriel,[Bonespeaker Bracers],nil,2,false
Johnnyy-Al'Akir,02/02/17,21:02:40,[Cloak of the Foreseen Vanquisher],143578,143578::::::::110:73::3::::,Best In Slot!,5,MAGE,The Nighthold-Normal,Trilliax,[Drape of Vile Misfortune],nil,1,false
Johnnyy-Al'Akir,02/02/17,21:29:35,[Chest of the Foreseen Vanquisher],143571,143571::::::::110:73::3::::,Den är en Upgrade,3,MAGE,The Nighthold-Normal,Unknown/Chest,[Robes of the Ancient Chronicle],nil,2,false
Johnnyy-Al'Akir,02/02/17,22:04:39,[Fury of the Burning Sky],140801,140801::::::::110:73::3:3:3514:1477:3336:::,~ilvl men bättre stats,4,MAGE,The Nighthold-Normal,Arcanist Tel'arn,[Portable Manacracker],[Wriggling Sinew],3,false
Johnnyy-Al'Akir,02/02/17,22:34:27,[Exothermic Core],140837,140837::::::::110:73::3:3:3514:1477:3336:::,Best In Slot!,5,MAGE,The Nighthold-Normal,Elisande,[Hate-Sculpted Magma],[Sizzling Fang],1,false
Johnnyy-Al'Akir,16/02/17,21:24:59,[Outcast Wanderer's Footrags],140914,140914::::::::110:73::3:4:3515:1808:1487:3336:::,Den är en Upgrade,4,MAGE,The Nighthold-Normal,Unknown/Chest,[Mistbound Helarjar Footwraps],nil,2,false
Johnnyy-Al'Akir,16/02/17,22:27:58,[Arcana Crux],140813,140813::::::::110:73::5:3:3516:1487:1813:::,Best In Slot!,0,MAGE,The Nighthold-Heroic,Spellblade Aluriel,[Soggy Manascrubber Brush],nil,1,false
Mcgonagall-Al'Akir,02/03/17,20:57:58,[Robes of Fluctuating Energy],140848,140848::::::::110:73::5:3:3444:1482:1813:::,Offspec,2,MAGE,The Nighthold-Heroic,Chronomatic Anomaly,[Belo'vir's Final Stand],nil,4,false
Mcgonagall-Al'Akir,02/03/17,21:08:41,[Cloak of the Foreseen Vanquisher],143578,143578::::::::110:73::5:1:570:::,Best In Slot!,1,MAGE,The Nighthold-Heroic,Trilliax,[Dreadlord's Tattered Wingcover],nil,1,false
Mcgonagall-Al'Akir,09/03/17,20:45:21,[Antiquated Highborne Cinch],140849,140849::::::::110:73::5:3:3444:1512:3337:::,Den är en Upgrade,3,MAGE,The Nighthold-Heroic,Skorpyron,[Antiquated Highborne Cinch],nil,2,false
Mcgonagall-Al'Akir,09/03/17,21:04:38,[Soggy Manascrubber Brush],140812,140812::::::::110:73::5:3:3444:1492:3336:::,Den är en Upgrade,2,MAGE,The Nighthold-Heroic,Trilliax,[Manatoxin Gland],nil,2,false
Mcgonagall-Al'Akir,16/03/17,21:16:11,[Soul of Flame],140834,140834::::::::110:73::5:3:3516:1487:1813:::,Best In Slot!,3,MAGE,The Nighthold-Heroic,Spellblade Aluriel,[Fires of Heaven],[Fires of Heaven],1,false
Mcgonagall-Al'Akir,16/03/17,21:16:21,[Heart of Frost],140832,140832::::::::110:73::5:3:3516:1487:1813:::,Offspec,0,MAGE,The Nighthold-Heroic,Spellblade Aluriel,nil,nil,4,false
Mcgonagall-Al'Akir,16/03/17,21:43:49,[Shoulders of the Foreseen Vanquisher],143570,143570::::::::110:73::5:1:570:::,Den är en Upgrade,3,MAGE,The Nighthold-Heroic,Tichondrius,[Mantle of Prestidigitation],nil,2,false
Mcgonagall-Al'Akir,16/03/17,22:08:55,[Star Gate],140804,140804::::::::110:73::5:4:3516:1808:1497:3336:::,Best In Slot!,4,MAGE,The Nighthold-Heroic,Star Augur Etraeus,[Icon of Rot],[Bleached Skull Talisman],1,false
Reddzaa-Al'Akir,05/02/17,21:36:53,[Chest of the Foreseen Conqueror],143562,143562::::::::110:73::5:1:570:::,Best In Slot!,5,DEMONHUNTER,The Nighthold-Heroic,Unknown/Chest,[Chestguard of Insidious Desire],nil,1,false
Elensar-Al'Akir,29/01/17,20:26:55,[Radiant String of Scorpid Eyes],140898,140898::::::::110:73::5:3:3444:1482:1813:::,Best In Slot!,2,PALADIN,The Nighthold-Heroic,Skorpyron,[Amulet of the Last Guardian],nil,1,false
Elensar-Al'Akir,29/01/17,21:22:24,[Immaculately Polished Boots],140904,140904::::::::110:73::5:3:3444:1482:1813:::,Best In Slot!,4,PALADIN,The Nighthold-Heroic,Trilliax,[Trampling Warboots],nil,1,false
Elensar-Al'Akir,02/02/17,21:32:06,[Chest of the Foreseen Conqueror],143562,143562::::::::110:73::3::::,~ilvl men bättre stats,3,PALADIN,The Nighthold-Normal,Unknown/Chest,[Captain's Parade Breastplate],nil,3,false
Elensar-Al'Akir,09/02/17,21:01:51,[Leggings of the Foreseen Conqueror],143564,143564::::::::110:73::3::::,Best In Slot!,3,PALADIN,The Nighthold-Normal,Unknown/Chest,[Tassets of Perpetual Despair],nil,1,false
Elensar-Al'Akir,09/02/17,21:18:19,[Claw of the Crystalline Scorpid],140790,140790::::::::110:73::5:3:3444:1487:3336:::,Best In Slot!,2,PALADIN,The Nighthold-Heroic,Skorpyron,[Convergence of Fates],[Draught of Souls],1,false
Elensar-Al'Akir,09/02/17,21:46:33,[Cloak of the Foreseen Conqueror],143577,143577::::::::110:73::5:1:570:::,Den är en Upgrade,3,PALADIN,The Nighthold-Heroic,Trilliax,[Cloak of Fading Echoes],nil,2,false
Elensar-Al'Akir,12/02/17,21:01:10,[Ring of Exclusive Servitude],140906,140906::::::::110:73::5:3:3516:1492:3336:::,Best In Slot!,5,PALADIN,The Nighthold-Heroic,Tichondrius,[Band of Fused Coral],[Liadrin's Fury Unleashed],1,false
Elensar-Al'Akir,19/02/17,21:12:02,[Ring of Braided Stems],140896,140896::::::::110:73::5:4:3516:1808:1502:3337:::,Best In Slot!,3,PALADIN,The Nighthold-Heroic,Arcanist Tel'arn,[Band of Fused Coral],[Liadrin's Fury Unleashed],1,false
Elensar-Al'Akir,23/02/17,23:02:35,[Shoulders of the Foreseen Conqueror],143566,143566::::::::110:73::5:1:570:::,Best In Slot!,0,PALADIN,The Nighthold-Heroic,Tichondrius,[Pauldrons of the Highlord],nil,1,false
Elensar-Al'Akir,09/03/17,20:54:52,[Flickering Timespark],140843,140843::::::::110:73::5:3:3444:1492:3336:::,Best In Slot!,3,PALADIN,The Nighthold-Heroic,Chronomatic Anomaly,[Murmuring Idol],[Murmuring Idol],1,false
Elensar-Al'Akir,16/03/17,20:39:31,[Leystone-Toe Kickers],140884,140884::::::::110:73::5:3:3444:1482:1813:::,Offspec,1,PALADIN,The Nighthold-Heroic,Skorpyron,[Immaculately Polished Boots],nil,4,false
Elensar-Al'Akir,16/03/17,21:29:57,[Chest of the Foreseen Conqueror],143562,143562::::::::110:73::5:1:570:::,~ilvl men bättre stats,0,PALADIN,The Nighthold-Heroic,Unknown/Chest,[Breastplate of the Highlord],nil,3,false
Frieky-Al'Akir,29/01/17,20:53:36,[Royal Dagger Haft],140791,140791::::::::110:73::5:4:3444:41:1487:3336:::,Den är en Upgrade,4,MONK,The Nighthold-Heroic,Chronomatic Anomaly,[Ravaged Seed Pod],[Darkmoon Deck: Immortality],2,false
Frieky-Al'Akir,02/02/17,23:11:37,[Vintage Suramar Nobility Hat],140901,140901::::::::110:73::5:4:3444:43:1487:3336:::,Den är en Upgrade,4,MONK,The Nighthold-Heroic,Skorpyron,[Vintage Suramar Nobility Hat],nil,2,false
Frieky-Al'Akir,05/02/17,20:23:00,[Stutterstep Treads],140860,140860::::::::110:73::5:3:3444:1487:3336:::,Den är en Upgrade,5,MONK,The Nighthold-Heroic,Chronomatic Anomaly,[Stutterstep Treads],nil,2,false
Frieky-Al'Akir,12/02/17,21:04:33,[Shoulders of the Foreseen Protector],143576,143576::::::::110:73::5:1:570:::,Best In Slot!,2,MONK,The Nighthold-Heroic,Tichondrius,[Spaulders of Tense Sinew],nil,1,false
Frieky-Al'Akir,16/02/17,21:49:25,[Gnawed Nightfallen Britches],140862,140862::::::::110:73::5:4:3444:42:1482:1813:::,Best In Slot!,4,MONK,The Nighthold-Heroic,Skorpyron,[Bloodclaw Leggings],nil,1,false
Frieky-Al'Akir,16/02/17,22:41:26,[Chest of the Foreseen Protector],143572,143572::::::::110:73::5:1:570:::,Den är en Upgrade,1,MONK,The Nighthold-Heroic,Kib,[Tunic of Enveloped Dissonance],nil,2,false
Frieky-Al'Akir,23/02/17,21:11:08,[Radiant String of Scorpid Eyes],140898,140898::::::::110:73::5:3:3444:1482:1813:::,Den är en Upgrade,4,MONK,The Nighthold-Heroic,Skorpyron,[Talisman of the Shal'dorei],nil,2,false
Frieky-Al'Akir,02/03/17,21:42:14,[Beleron's Choker of Misery],140899,140899::::::::110:73::5:3:3516:1487:1813:::,Best In Slot!,4,MONK,The Nighthold-Heroic,Unknown/Chest,[Talisman of the Shal'dorei],nil,1,false
Frieky-Al'Akir,02/03/17,22:29:19,[Gauntlets of the Foreseen Protector],143573,143573::::::::110:73::5:1:570:::,Den är en Upgrade,2,MONK,The Nighthold-Heroic,Star Augur Etraeus,[Gloves of Enveloped Dissonance],nil,2,false
Frieky-Al'Akir,09/03/17,21:32:47,[Fingernail of the Fel Brute],140816,140816::::::::110:73::5:3:3516:1517:3337:::,Best In Slot!,3,MONK,The Nighthold-Heroic,Unknown/Chest,[Fingernail of the Fel Brute],nil,1,false
Frieky-Al'Akir,09/03/17,22:27:18,[Trousers of Cultivation],140908,140908::::::::110:73::5:3:3516:1492:3336:::,Den är en Upgrade,2,MONK,The Nighthold-Heroic,Arcanist Tel'arn,[Gnawed Nightfallen Britches],nil,2,false
Frieky-Al'Akir,16/03/17,21:43:56,[Fang of Tichondrius],140797,140797::::::::110:73::5:3:3516:1492:3336:::,Den är en Upgrade,1,MONK,The Nighthold-Heroic,Tichondrius,[Impenetrable Nerubian Husk],[Darkmoon Deck: Immortality],2,false
Druìda-Al'Akir,02/02/17,21:28:51,[Well-Flattened Wristguards],140857,140857::::::::110:73::3:3:3514:1477:3336:::,~ilvl men bättre stats,3,DRUID,The Nighthold-Normal,Unknown/Chest,[Swordsinger's Wristguards],nil,3,false
Druìda-Al'Akir,02/02/17,21:30:55,[Pharamere's Forbidden Grimoire],140800,140800::::::::110:73::3:3:3514:1472:1813:::,Den är en Upgrade,2,DRUID,The Nighthold-Normal,Unknown/Chest,[Ethereal Urn],[Moonlit Prism],2,false
Druìda-Al'Akir,09/02/17,21:34:36,[Stutterstep Treads],140860,140860::::::::110:73::5:4:3444:1808:1482:1813:::,~ilvl men bättre stats,3,DRUID,The Nighthold-Heroic,Chronomatic Anomaly,[Stutterstep Treads],nil,3,false
Druìda-Al'Akir,16/02/17,21:49:39,[Gnawed Nightfallen Britches],140862,140862::::::::110:73::5:3:3444:1482:1813:::,Offspec,1,DRUID,The Nighthold-Heroic,Skorpyron,[Leggings of the Astral Warden],nil,4,false
Druìda-Al'Akir,16/02/17,22:28:02,[Arcana Crux],140813,140813::::::::110:73::5:3:3516:1492:3336:::,~ilvl men bättre stats,2,DRUID,The Nighthold-Heroic,Spellblade Aluriel,[Talisman of the Violet Eye],[Soggy Manascrubber Brush],3,false
Druìda-Al'Akir,23/02/17,23:03:12,[Shoulders of the Foreseen Vanquisher],143570,143570::::::::110:73::5:1:570:::,Best In Slot!,4,DRUID,The Nighthold-Heroic,Tichondrius,[Mantle of the Astral Warden],nil,1,false
Druìda-Al'Akir,02/03/17,20:49:23,[Manatoxin Gland],140827,140827::::::::110:73::5:3:3444:1487:3336:::,~ilvl men bättre stats,3,DRUID,The Nighthold-Heroic,Skorpyron,[Talisman of the Violet Eye],[Arcana Crux],3,false
Druìda-Al'Akir,09/03/17,22:07:53,[Star Gate],140804,140804::::::::110:73::5:3:3516:1517:3337:::,Best In Slot!,4,DRUID,The Nighthold-Heroic,Star Augur Etraeus,[Star Gate],[Whispers in the Dark],1,false
Druìda-Al'Akir,09/03/17,22:51:07,[Cloak of Temporal Recalibration],140910,140910::::::::110:73::5:3:3516:1487:1813:::,Offspec,0,DRUID,The Nighthold-Heroic,Elisande,[Cloak of the Astral Warden],nil,4,false
Druìda-Al'Akir,16/03/17,22:25:59,[Ring of Braided Stems],140896,140896::::::::110:73::5:3:3516:1492:3336:::,Best In Slot!,2,DRUID,The Nighthold-Heroic,Arcanist Tel'arn,[Seal of Saltheril],[Impeccable Fel Essence],1,false
Druìda-Al'Akir,16/03/17,22:26:21,[Nightblooming Frond],140802,140802::::::::110:73::5:3:3516:1487:1813:::,Offspec,1,DRUID,The Nighthold-Heroic,Arcanist Tel'arn,[Star Gate],[Whispers in the Dark],4,false
Idislar-Kazzak,02/03/17,20:58:00,[Temporally Displaced Gloves],140863,140863::::::::110:73::5:3:3444:1487:3336:::,~ilvl men bättre stats,2,MONK,The Nighthold-Heroic,Chronomatic Anomaly,[Raven's Veil Gloves],nil,3,false
Idislar-Kazzak,02/03/17,21:08:48,[Perfectly Preserved Cake],140793,140793::::::::110:73::5:3:3444:1482:1813:::,Best In Slot!,3,MONK,The Nighthold-Heroic,Trilliax,[Ephemeral Paradox],[Horn of Cenarius],1,false
Sakral-Al'Akir,02/02/17,22:19:16,[Shoulders of the Foreseen Conqueror],143566,143566::::::::110:73::3::::,Den är en Upgrade,4,PRIEST,The Nighthold-Normal,Tichondrius,[Ancient Dreamwoven Mantle],nil,2,false
Sakral-Al'Akir,05/02/17,20:41:44,[Perpetually Muddy Sandals],140854,140854::::::::110:73::5:3:3444:1482:1813:::,~ilvl men bättre stats,4,PRIEST,The Nighthold-Heroic,Trilliax,[Outcast Wanderer's Footrags],nil,3,false
Sakral-Al'Akir,05/02/17,21:36:42,[Man'ari Skullbuckled Cinch],140887,140887::::::::110:73::5:3:3516:1487:1813:::,Den är en Upgrade,5,PRIEST,The Nighthold-Heroic,Unknown/Chest,[Cinch of Light],nil,2,false
Sakral-Al'Akir,16/02/17,22:40:29,[Man'ari Skullbuckled Cinch],140887,140887::::::::110:73::5:3:3516:1492:3336:::,Den är en Upgrade,3,PRIEST,The Nighthold-Heroic,Kib,[Man'ari Skullbuckled Cinch],nil,2,false
Sakral-Al'Akir,19/02/17,21:54:38,[Icon of Rot],140798,140798::::::::110:73::5:3:3516:1487:1813:::,Offspec,1,PRIEST,The Nighthold-Heroic,Tichondrius,[Ethereal Urn],[Chrono Shard],4,false
Sakral-Al'Akir,23/02/17,21:34:00,[Cloak of the Foreseen Conqueror],143577,143577::::::::110:73::5:1:570:::,Den är en Upgrade,3,PRIEST,The Nighthold-Heroic,Trilliax,[Purifier's Drape],nil,2,false
Sakral-Al'Akir,16/03/17,22:26:15,[Eventide Casque],140881,140881::::::::110:73::5:3:3516:1492:3336:::,Disenchant,nil,PRIEST,The Nighthold-Heroic,Arcanist Tel'arn,nil,nil,1,true
Jitzu-Kazzak,02/02/17,21:03:05,[Foreign Contaminant],140818,140818::::::::110:73::3:3:3443:1467:1813:::,Offspec,2,WARLOCK,The Nighthold-Normal,Trilliax,nil,nil,4,false
Jitzu-Kazzak,09/02/17,22:02:01,[Master Warmage's Leggings],140852,140852::::::::110:73::5:3:3516:1487:1813:::,Den är en Upgrade,6,WARLOCK,The Nighthold-Heroic,Spellblade Aluriel,[Leggings of the Lower Planes],nil,2,false
Jitzu-Kazzak,16/02/17,21:24:51,[Leggings of the Foreseen Conqueror],143564,143564::::::::110:73::3::::,Best In Slot!,5,WARLOCK,The Nighthold-Normal,Unknown/Chest,[Master Warmage's Leggings],nil,1,false
Jitzu-Kazzak,16/02/17,21:49:49,[Radiant String of Scorpid Eyes],140898,140898::::::::110:73::5:3:3444:1492:3336:::,Best In Slot!,2,WARLOCK,The Nighthold-Heroic,Skorpyron,[Prydaz Xavaric's Magnum Opus],nil,1,false
Jitzu-Kazzak,16/02/17,23:11:04,[Gauntlets of the Foreseen Conqueror],143563,143563::::::::110:73::5:1:570:::,Best In Slot!,4,WARLOCK,The Nighthold-Heroic,Star Augur Etraeus,[Handwraps of Delusional Power],nil,1,false
Jitzu-Kazzak,19/02/17,21:10:46,[Fury of the Burning Sky],140801,140801::::::::110:73::5:3:3516:1487:1813:::,Den är en Upgrade,3,WARLOCK,The Nighthold-Heroic,Arcanist Tel'arn,[Kil'jaeden's Burning Wish],[Chrono Shard],2,false
Jitzu-Kazzak,02/03/17,21:08:37,[Cloak of the Foreseen Conqueror],143577,143577::::::::110:73::5:1:570:::,Den är en Upgrade,1,WARLOCK,The Nighthold-Heroic,Trilliax,[Astromancer's Greatcloak],nil,2,false
Jitzu-Kazzak,05/03/17,20:32:47,[Cloak of Temporal Recalibration],140910,140910::::::::110:73::5:3:3516:1487:1813:::,Offspec,1,WARLOCK,The Nighthold-Heroic,Elisande,[Cloak of Azj'Aqir],nil,4,false
Mqx-Al'Akir,02/02/17,22:34:40,[Helm of the Foreseen Conqueror],143565,143565::::::::110:73::3::::,Best In Slot!,2,PALADIN,The Nighthold-Normal,Elisande,[Crown of Steely Brambles],nil,1,false
Mqx-Al'Akir,05/02/17,20:41:53,[Cloak of the Foreseen Conqueror],143577,143577::::::::110:73::5:1:570:::,Den är en Upgrade,3,PALADIN,The Nighthold-Heroic,Trilliax,[Greatmantle of the Highlord],nil,2,false
Mqx-Al'Akir,09/02/17,21:18:38,[Jagged Carapace Wristclamps],140902,140902::::::::110:73::5:3:3444:1487:3336:::,Den är en Upgrade,3,PALADIN,The Nighthold-Heroic,Skorpyron,[Wristclamps of Mad Dreams],nil,2,false
Mqx-Al'Akir,09/02/17,21:18:40,[Leystone-Toe Kickers],140884,140884::::::::110:73::5:3:3444:1482:1813:::,Den är en Upgrade,3,PALADIN,The Nighthold-Heroic,Skorpyron,[Duskwatch Guard's Boots],nil,2,false
Mqx-Al'Akir,12/02/17,22:22:50,[Sunflare Coal],140836,140836::::::::110:73::5:3:3516:1487:1813:::,Den är en Upgrade,5,PALADIN,The Nighthold-Heroic,Arcanist Tel'arn,[Fragment of Eternal Spite],nil,2,false
Mqx-Al'Akir,16/02/17,22:28:27,[Captain's Parade Breastplate],140877,140877::::::::110:73::5:3:3516:1487:1813:::,Best In Slot!,3,PALADIN,The Nighthold-Heroic,Spellblade Aluriel,[Crackling Overcharge Chestguard],nil,1,false
Mqx-Al'Akir,23/02/17,21:22:17,[Flickering Timespark],140843,140843::::::::110:73::5:3:3444:1482:1813:::,Den är en Upgrade,3,PALADIN,The Nighthold-Heroic,Chronomatic Anomaly,[Flickering Timespark],[Gift of the Ocean Empress],2,false
Mqx-Al'Akir,02/03/17,20:48:44,[Claw of the Crystalline Scorpid],140790,140790::::::::110:73::5:5:3444:1808:40:1482:1813:::,Best In Slot!,4,PALADIN,The Nighthold-Heroic,Skorpyron,[Goblet of Nightmarish Ichor],[Faulty Countermeasure],1,false
Mqx-Al'Akir,16/03/17,21:44:27,[Ring of Exclusive Servitude],140906,140906::::::::110:73::5:3:3516:1487:1813:::,Best In Slot!,3,PALADIN,The Nighthold-Heroic,Tichondrius,[Band of Decaying Rubies],[Ring of Contempt],1,false
Kopparfält-Xavius,29/01/17,21:22:21,[Perpetually Muddy Sandals],140854,140854::::::::110:73::5:3:3444:1482:1813:::,Offspec,3,MAGE,The Nighthold-Heroic,Trilliax,[Cozy Dryad Hoof-Socks],nil,4,false
Kopparfält-Xavius,02/02/17,20:38:50,[Scorpid Handler's Gloves],140888,140888::::::::110:73::3:3:3443:1467:1813:::,Offspec,1,MAGE,The Nighthold-Normal,Skorpyron,[Handwraps of Delusional Power],nil,4,false
Kopparfält-Xavius,02/02/17,21:14:27,[Bracers of Harnessed Flame],140850,140850::::::::110:73::3:3:3514:1472:1813:::,~ilvl men bättre stats,0,MAGE,The Nighthold-Normal,Spellblade Aluriel,[Helhound Hair Bracers],nil,3,false
Kopparfält-Xavius,02/02/17,21:46:23,[Star Gate],140804,140804::::::::110:73::3:3:3514:1472:1813:::,~ilvl men bättre stats,3,MAGE,The Nighthold-Normal,Star Augur Etraeus,[Brinewater Slime in a Bottle],[Portable Manacracker],3,false
Kopparfält-Xavius,09/02/17,20:48:50,[Helm of the Foreseen Vanquisher],143568,143568::::::::110:73::3::::,~ilvl men bättre stats,6,MAGE,The Nighthold-Normal,Elisande,[Hood of Darkened Visions],nil,3,false
Kopparfält-Xavius,09/02/17,21:01:11,[Outcast Wanderer's Footrags],140914,140914::::::::110:73::3:3:3515:1477:1813:::,Offspec,4,MAGE,The Nighthold-Normal,Unknown/Chest,[Cozy Dryad Hoof-Socks],nil,4,false
Kopparfält-Xavius,09/02/17,21:02:00,[Leggings of the Foreseen Vanquisher],143569,143569::::::::110:73::3::::,~ilvl men bättre stats,3,MAGE,The Nighthold-Normal,Unknown/Chest,[Legwraps of Reverberating Shadows],nil,3,false
Kopparfält-Xavius,09/02/17,21:43:40,[Nighthold Custodian's Hood],140851,140851::::::::110:73::5:3:3444:1487:3336:::,~ilvl men bättre stats,4,MAGE,The Nighthold-Heroic,Trilliax,[Hood of Everburning Knowledge],nil,3,false
Kopparfält-Xavius,09/02/17,22:02:16,[Master Warmage's Leggings],140852,140852::::::::110:73::5:3:3516:1487:1813:::,Offspec,5,MAGE,The Nighthold-Heroic,Spellblade Aluriel,[Leggings of Everburning Knowledge],nil,4,false
Kopparfält-Xavius,09/02/17,22:02:34,[Arcana Crux],140813,140813::::::::110:73::5:3:3516:1492:3336:::,~ilvl men bättre stats,4,MAGE,The Nighthold-Heroic,Spellblade Aluriel,[Manatoxin Gland],nil,3,false
Kopparfält-Xavius,09/02/17,22:51:06,[Gauntlets of the Foreseen Vanquisher],143567,143567::::::::110:73::5:1:570:::,Best In Slot!,3,MAGE,The Nighthold-Heroic,Star Augur Etraeus,[Bonespeaker Gloves],nil,1,false
Kopparfält-Xavius,12/02/17,21:02:02,[Shoulders of the Foreseen Vanquisher],143570,143570::::::::110:73::5:1:570:::,Den är en Upgrade,3,MAGE,The Nighthold-Heroic,Tichondrius,[Chaos-Scarred Mantle],nil,2,false
Kopparfält-Xavius,16/02/17,22:28:06,[Arcana Crux],140813,140813::::::::110:73::5:3:3516:1487:1813:::,Den är en Upgrade,0,MAGE,The Nighthold-Heroic,Spellblade Aluriel,[Arcana Crux],nil,2,false
Kopparfält-Xavius,23/02/17,21:33:18,[Cloak of the Foreseen Vanquisher],143578,143578::::::::110:73::5:1:570:::,~ilvl men bättre stats,2,MAGE,The Nighthold-Heroic,Trilliax,[Mantle of the Victorious Dead],nil,3,false
Kopparfält-Xavius,02/03/17,21:22:21,[Bracers of Harnessed Flame],140850,140850::::::::110:73::5:3:3516:1487:1813:::,Den är en Upgrade,4,MAGE,The Nighthold-Heroic,Spellblade Aluriel,[Bracers of Harnessed Flame],nil,2,false
Kopparfält-Xavius,02/03/17,22:26:48,[Astromancer's Greatcloak],140909,140909::::::::110:73::5:3:3516:1487:1813:::,Offspec,1,MAGE,The Nighthold-Heroic,Star Augur Etraeus,[Cloak of Everburning Knowledge],nil,4,false
Kopparfält-Xavius,09/03/17,21:03:51,[Perpetually Muddy Sandals],140854,140854::::::::110:73::5:3:3444:1497:3337:::,Den är en Upgrade,4,MAGE,The Nighthold-Heroic,Trilliax,[Cozy Dryad Hoof-Socks],nil,2,false
Kopparfält-Xavius,09/03/17,22:10:27,[Treads of Galactic Odyssey],140885,140885::::::::110:73::5:5:3516:1808:42:1502:3337:::,Best In Slot!,3,MAGE,The Nighthold-Heroic,Star Augur Etraeus,[Perpetually Muddy Sandals],nil,1,false
Kopparfält-Xavius,16/03/17,20:50:24,[Robes of Fluctuating Energy],140848,140848::::::::110:73::5:3:3444:1487:3336:::,Offspec,0,MAGE,The Nighthold-Heroic,Chronomatic Anomaly,[Belo'vir's Final Stand],nil,4,false
Kopparfält-Xavius,16/03/17,22:26:25,[Sunflare Coal],140836,140836::::::::110:73::5:3:3516:1492:3336:::,~ilvl men bättre stats,3,MAGE,The Nighthold-Heroic,Arcanist Tel'arn,[Sunflare Coal],[Exothermic Core],3,false
Xide-Xavius,02/02/17,21:46:52,[Gauntlets of the Foreseen Vanquisher],143567,143567::::::::110:73::3::::,Den är en Upgrade,4,DEATHKNIGHT,The Nighthold-Normal,Star Augur Etraeus,[Primal Gauntlets of Rage],nil,2,false
Xide-Xavius,02/02/17,22:03:40,[Shoulderguard of the Eclipse],140883,140883::::::::110:73::3:4:3514:43:1472:1813:::,Den är en Upgrade,0,DEATHKNIGHT,The Nighthold-Normal,Arcanist Tel'arn,[Pauldrons of Shifting Runes],nil,2,false
Xide-Xavius,05/02/17,21:02:43,[Entwined Elemental Foci],140796,140796::::::::110:73::5:3:3516:1487:1813:::,Best In Slot!,5,DEATHKNIGHT,The Nighthold-Heroic,Spellblade Aluriel,[Memento of Angerboda],[Ironrune Charm],1,false
Xide-Xavius,09/02/17,21:34:19,[Suspended Nightwell Droplet],140831,140831::::::::110:73::5:3:3444:1487:3336:::,Den är en Upgrade,4,DEATHKNIGHT,The Nighthold-Heroic,Chronomatic Anomaly,[Chilled Incisor],[Suspended Nightwell Droplet],2,false
Xide-Xavius,09/02/17,22:50:52,[Astromancer's Greatcloak],140909,140909::::::::110:73::5:3:3516:1502:3337:::,Den är en Upgrade,5,DEATHKNIGHT,The Nighthold-Heroic,Star Augur Etraeus,[Astromancer's Greatcloak],nil,2,false
Xide-Xavius,16/02/17,21:25:17,[Warchief's Shattered Tusk],140823,140823::::::::110:73::3:3:3515:1477:1813:::,~ilvl men bättre stats,4,DEATHKNIGHT,The Nighthold-Normal,Unknown/Chest,[Nightmares of the Dead],nil,3,false
Xide-Xavius,16/02/17,22:01:32,[Gauntlets of Fractured Eons],140879,140879::::::::110:73::5:4:3444:40:1487:3336:::,~ilvl men bättre stats,1,DEATHKNIGHT,The Nighthold-Heroic,Chronomatic Anomaly,[Gauntlets of Fractured Eons],nil,3,false
Xide-Xavius,16/02/17,22:15:03,[Cloak of the Foreseen Vanquisher],143578,143578::::::::110:73::5:1:570:::,~ilvl men bättre stats,3,DEATHKNIGHT,The Nighthold-Heroic,Trilliax,[Astromancer's Greatcloak],nil,3,false
Xide-Xavius,23/02/17,20:58:18,[Leggings of the Foreseen Vanquisher],143569,143569::::::::110:73::3::::,~ilvl men bättre stats,0,DEATHKNIGHT,The Nighthold-Normal,Unknown/Chest,[Dreadwyrm Legplates],nil,3,false
Xide-Xavius,23/02/17,21:11:05,[Leystone-Toe Kickers],140884,140884::::::::110:73::5:3:3444:1487:3336:::,Den är en Upgrade,4,DEATHKNIGHT,The Nighthold-Heroic,Skorpyron,[Leystone-Toe Kickers],nil,2,false
Xide-Xavius,02/03/17,21:43:15,[Chest of the Foreseen Vanquisher],143571,143571::::::::110:73::5:1:570:::,Den är en Upgrade,1,DEATHKNIGHT,The Nighthold-Heroic,Unknown/Chest,[Dreadwyrm Breastplate],nil,2,false
Xide-Xavius,09/03/17,21:17:25,[Heart of Frost],140832,140832::::::::110:73::5:3:3516:1487:1813:::,Best In Slot!,2,DEATHKNIGHT,The Nighthold-Heroic,Spellblade Aluriel,[Heart of Frost],[Suspended Nightwell Droplet],1,false
Xide-Xavius,16/03/17,21:15:31,[Heart of Frost],140832,140832::::::::110:73::5:3:3516:1502:3337:::,Best In Slot!,2,DEATHKNIGHT,The Nighthold-Heroic,Spellblade Aluriel,[Heart of Frost],[Heart of Frost],1,false
Gnárlkill-Al'Akir,02/03/17,20:49:14,[Leystone-Toe Kickers],140884,140884::::::::110:73::5:4:3444:1808:1482:1813:::,Den är en Upgrade,4,WARRIOR,The Nighthold-Heroic,Skorpyron,[Salt-Laden Stompers],nil,2,false
Gnárlkill-Al'Akir,02/03/17,21:22:04,[Captain's Parade Breastplate],140877,140877::::::::110:73::5:3:3516:1487:1813:::,Den är en Upgrade,3,WARRIOR,The Nighthold-Heroic,Spellblade Aluriel,[Horror Inscribed Chestguard],nil,2,false
Gnárlkill-Al'Akir,09/03/17,20:45:42,[Infused Chitin Fragment],140815,140815::::::::110:73::5:3:3444:1487:3336:::,Best In Slot!,2,WARRIOR,The Nighthold-Heroic,Skorpyron,[Infused Chitin Fragment],nil,1,false
Gnárlkill-Al'Akir,09/03/17,21:18:41,[Soul of Flame],140834,140834::::::::110:73::5:3:3516:1492:3336:::,Best In Slot!,2,WARRIOR,The Nighthold-Heroic,Spellblade Aluriel,[Sunflare Coal],nil,1,false
Gnárlkill-Al'Akir,09/03/17,21:33:46,[Chest of the Foreseen Protector],143572,143572::::::::110:73::5:1:570:::,Den är en Upgrade,2,WARRIOR,The Nighthold-Heroic,Unknown/Chest,[Captain's Parade Breastplate],nil,2,false
Gnárlkill-Al'Akir,16/03/17,21:04:19,[Cloak of the Foreseen Protector],143579,143579::::::::110:73::5:1:570:::,~ilvl men bättre stats,2,WARRIOR,The Nighthold-Heroic,Trilliax,[Aristocrat's Winter Drape],nil,3,false
Gnárlkill-Al'Akir,16/03/17,22:08:29,[Sabatons of Unchanging Fate],140891,140891::::::::110:73::5:3:3516:1487:1813:::,~ilvl men bättre stats,4,WARRIOR,The Nighthold-Heroic,Star Augur Etraeus,[Leystone-Toe Kickers],nil,3,false
Gnárlkill-Al'Akir,16/03/17,22:09:37,[Gauntlets of the Foreseen Protector],143573,143573::::::::110:73::5:1:570:::,Best In Slot!,2,WARRIOR,The Nighthold-Heroic,Star Augur Etraeus,[Gauntlets of Fractured Eons],nil,1,false
Nocoîl-Al'Akir,29/01/17,20:24:09,[Antiquated Highborne Cinch],140849,140849::::::::110:73::5:3:3444:1482:1813:::,Disenchant,nil,SHAMAN,The Nighthold-Heroic,Skorpyron,nil,nil,1,true
Nocoîl-Al'Akir,02/02/17,20:39:06,[Antiquated Highborne Cinch],140849,140849::::::::110:73::3:3:3443:1467:1813:::,Disenchant,nil,SHAMAN,The Nighthold-Normal,Skorpyron,nil,nil,1,true
Nocoîl-Al'Akir,02/02/17,20:47:43,[Stutterstep Treads],140860,140860::::::::110:73::3:3:3443:1467:1813:::,Disenchant,nil,SHAMAN,The Nighthold-Normal,Chronomatic Anomaly,nil,nil,1,true
Nocoîl-Al'Akir,02/02/17,20:47:48,[Temporally Displaced Gloves],140863,140863::::::::110:73::3:3:3443:1467:1813:::,Disenchant,nil,SHAMAN,The Nighthold-Normal,Chronomatic Anomaly,nil,nil,1,true
Nocoîl-Al'Akir,02/02/17,20:48:02,[Chaos-Scarred Mantle],140853,140853::::::::110:73::3:3:3443:1467:1813:::,Disenchant,nil,SHAMAN,The Nighthold-Normal,Chronomatic Anomaly,nil,nil,1,true
Nocoîl-Al'Akir,02/02/17,21:01:07,[Pertinacious Legplates],140871,140871::::::::110:73::3:3:3443:1467:1813:::,Disenchant,nil,SHAMAN,The Nighthold-Normal,Trilliax,nil,nil,1,true
Nocoîl-Al'Akir,02/02/17,21:19:35,[Nightborne Battle-Magus Hood],140866,140866::::::::110:73::3:3:3514:1472:1813:::,Disenchant,nil,SHAMAN,The Nighthold-Normal,Spellblade Aluriel,nil,nil,1,true
Nocoîl-Al'Akir,02/02/17,21:28:57,[Chest of the Foreseen Protector],143572,143572::::::::110:73::3::::,Best In Slot!,3,SHAMAN,The Nighthold-Normal,Unknown/Chest,[Constricting Chain Harness],nil,1,false
Nocoîl-Al'Akir,02/02/17,21:45:55,[Astromancer's Greatcloak],140909,140909::::::::110:73::3:3:3514:1472:1813:::,Disenchant,nil,SHAMAN,The Nighthold-Normal,Star Augur Etraeus,nil,nil,1,true
Nocoîl-Al'Akir,02/02/17,21:46:40,[Treads of Galactic Odyssey],140885,140885::::::::110:73::3:3:3514:1472:1813:::,Disenchant,nil,SHAMAN,The Nighthold-Normal,Star Augur Etraeus,nil,nil,1,true
Nocoîl-Al'Akir,02/02/17,22:04:16,[Thistle-Proof Thorngrabbers],140874,140874::::::::110:73::3:3:3514:1472:1813:::,Disenchant,nil,SHAMAN,The Nighthold-Normal,Arcanist Tel'arn,nil,nil,1,true
Nocoîl-Al'Akir,02/02/17,22:17:19,[Girdle of Nefarious Strategy],140859,140859::::::::110:73::3:3:3514:1472:1813:::,Disenchant,nil,SHAMAN,The Nighthold-Normal,Tichondrius,nil,nil,1,true
Nocoîl-Al'Akir,02/02/17,22:18:59,[Icon of Rot],140798,140798::::::::110:73::3:3:3514:1477:3336:::,~ilvl men bättre stats,4,SHAMAN,The Nighthold-Normal,Tichondrius,[Unstable Arcanocrystal],[Fury of the Burning Sky],3,false
Nocoîl-Al'Akir,02/02/17,22:31:57,[Belt of Celestial Alignment],140890,140890::::::::110:73::3:3:3514:1472:1813:::,Disenchant,nil,SHAMAN,The Nighthold-Normal,Elisande,nil,nil,1,true
Nocoîl-Al'Akir,02/02/17,22:32:00,[Belt of Celestial Alignment],140890,140890::::::::110:73::3:3:3514:1477:3336:::,Disenchant,nil,SHAMAN,The Nighthold-Normal,Elisande,nil,nil,1,true
Nocoîl-Al'Akir,02/02/17,22:52:56,[Whispers in the Dark],140809,140809::::::::110:73::3:3:3515:1482:3336:::,Best In Slot!,3,SHAMAN,The Nighthold-Normal,Shuyah,[Unstable Arcanocrystal],[Ethereal Urn],1,false
Nocoîl-Al'Akir,09/02/17,21:45:02,[Cloak of the Foreseen Protector],143579,143579::::::::110:73::5:1:570:::,Best In Slot!,4,SHAMAN,The Nighthold-Heroic,Trilliax,[Cloak of Shackled Elements],nil,1,false
Nocoîl-Al'Akir,09/02/17,22:01:02,[Emblazoned Duskwatch Belt],140868,140868::::::::110:73::5:3:3516:1487:1813:::,Disenchant,nil,SHAMAN,The Nighthold-Heroic,Spellblade Aluriel,nil,nil,1,true
Nocoîl-Al'Akir,09/02/17,22:31:47,[Architect's Coif of Despair],140870,140870::::::::110:73::5:3:3516:1487:1813:::,Den är en Upgrade,3,SHAMAN,The Nighthold-Heroic,Unknown/Chest,[Greyed Dragonscale Coif],nil,2,false
Nocoîl-Al'Akir,16/02/17,21:11:41,[Eternally Recurring Bracers],140893,140893::::::::110:73::3:3:3514:1472:1813:::,Disenchant,nil,SHAMAN,The Nighthold-Normal,Elisande,nil,nil,1,true
Nocoîl-Al'Akir,16/02/17,21:48:50,[Jagged Carapace Wristclamps],140902,140902::::::::110:73::5:3:3444:1487:3336:::,Disenchant,nil,SHAMAN,The Nighthold-Heroic,Skorpyron,nil,nil,1,true
Nocoîl-Al'Akir,16/02/17,22:01:35,[Gauntlets of Fractured Eons],140879,140879::::::::110:73::5:4:3444:42:1482:1813:::,Disenchant,nil,SHAMAN,The Nighthold-Heroic,Chronomatic Anomaly,nil,nil,1,true
Nocoîl-Al'Akir,16/02/17,22:02:26,[Chrono-Tempered Legplates],140882,140882::::::::110:73::5:3:3444:1492:3336:::,Disenchant,nil,SHAMAN,The Nighthold-Heroic,Chronomatic Anomaly,nil,nil,1,true
Nocoîl-Al'Akir,16/02/17,22:41:23,[Chest of the Foreseen Protector],143572,143572::::::::110:73::5:1:570:::,Best In Slot!,1,SHAMAN,The Nighthold-Heroic,Kib,[Raiment of Shackled Elements],nil,1,false
Nocoîl-Al'Akir,19/02/17,21:07:25,[Thistle-Proof Thorngrabbers],140874,140874::::::::110:73::5:3:3516:1487:1813:::,~ilvl men bättre stats,0,SHAMAN,The Nighthold-Heroic,Arcanist Tel'arn,[Cuffs of the Nerubian Empire],nil,3,false
Nocoîl-Al'Akir,23/02/17,20:47:23,[Eternally Recurring Bracers],140893,140893::::::::110:73::3:3:3514:1472:1813:::,Disenchant,nil,SHAMAN,The Nighthold-Normal,Elisande,nil,nil,1,true
Nocoîl-Al'Akir,23/02/17,20:47:32,[Cloak of Temporal Recalibration],140910,140910::::::::110:73::3:3:3514:1472:1813:::,Disenchant,nil,SHAMAN,The Nighthold-Normal,Elisande,nil,nil,1,true
Nocoîl-Al'Akir,23/02/17,20:58:06,[Netherbranded Shoulderpads],140917,140917::::::::110:73::3:3:3515:1477:1813:::,Disenchant,nil,SHAMAN,The Nighthold-Normal,Unknown/Chest,nil,nil,1,true
Nocoîl-Al'Akir,23/02/17,20:58:09,[Breastplate of the Remembered King],140913,140913::::::::110:73::3:3:3515:1482:3336:::,Disenchant,nil,SHAMAN,The Nighthold-Normal,Unknown/Chest,nil,nil,1,true
Nocoîl-Al'Akir,23/02/17,21:10:22,[Antiquated Highborne Cinch],140849,140849::::::::110:73::5:3:3444:1482:1813:::,Disenchant,nil,SHAMAN,The Nighthold-Heroic,Skorpyron,nil,nil,1,true
Nocoîl-Al'Akir,23/02/17,21:44:54,[Duskwatch Plate Bracers],140878,140878::::::::110:73::5:3:3516:1487:1813:::,Disenchant,nil,SHAMAN,The Nighthold-Heroic,Spellblade Aluriel,nil,nil,1,true
Nocoîl-Al'Akir,23/02/17,21:45:01,[Captain's Parade Breastplate],140877,140877::::::::110:73::5:3:3516:1487:1813:::,Disenchant,nil,SHAMAN,The Nighthold-Heroic,Spellblade Aluriel,nil,nil,1,true
Nocoîl-Al'Akir,23/02/17,22:39:50,[Gauntlets of the Foreseen Protector],143573,143573::::::::110:73::5:1:570:::,Best In Slot!,0,SHAMAN,The Nighthold-Heroic,Star Augur Etraeus,[Seaworthy Deck Hands],nil,1,false
Nocoîl-Al'Akir,23/02/17,23:00:45,[Goresmeared Abyssal Waistplate],140892,140892::::::::110:73::5:3:3516:1487:1813:::,Disenchant,nil,SHAMAN,The Nighthold-Heroic,Tichondrius,nil,nil,1,true
Nocoîl-Al'Akir,26/02/17,21:15:42,[Cloak of Temporal Recalibration],140910,140910::::::::110:73::5:3:3516:1487:1813:::,Disenchant,nil,SHAMAN,The Nighthold-Heroic,Elisande,nil,nil,1,true
Nocoîl-Al'Akir,02/03/17,21:07:15,[Sterilizer's Insulated Gauntlets],140869,140869::::::::110:73::5:3:3444:1482:1813:::,Disenchant,nil,SHAMAN,The Nighthold-Heroic,Trilliax,nil,nil,1,true
Nocoîl-Al'Akir,02/03/17,21:21:54,[Emblazoned Duskwatch Belt],140868,140868::::::::110:73::5:3:3516:1492:3336:::,Den är en Upgrade,2,SHAMAN,The Nighthold-Heroic,Spellblade Aluriel,[Anchor Chain Waistguard],nil,2,false
Nocoîl-Al'Akir,02/03/17,22:01:52,[Shoulders of the Foreseen Protector],143576,143576::::::::110:73::5:1:570:::,Den är en Upgrade,2,SHAMAN,The Nighthold-Heroic,Tichondrius,[Pauldrons of Warped Memory],nil,2,false
Nocoîl-Al'Akir,02/03/17,22:29:16,[Sundered Comet],140833,140833::::::::110:73::5:3:3516:1487:1813:::,Best In Slot!,3,SHAMAN,The Nighthold-Heroic,Star Augur Etraeus,[Unwaking Slumber],nil,1,false
Nocoîl-Al'Akir,09/03/17,21:33:33,[Well-Flattened Wristguards],140857,140857::::::::110:73::5:4:3516:40:1487:1813:::,Disenchant,nil,SHAMAN,The Nighthold-Heroic,Unknown/Chest,nil,nil,1,true
Outtagetme-Al'Akir,29/01/17,20:53:55,[Zealous Timestone Pendant],140894,140894::::::::110:73::5:3:3444:1492:3336:::,Best In Slot!,3,ROGUE,The Nighthold-Heroic,Chronomatic Anomaly,[Zealous Timestone Pendant],nil,1,false
Outtagetme-Al'Akir,09/02/17,20:48:24,[Collapsing Epoch],140842,140842::::::::110:73::3:3:3514:1472:1813:::,Offspec,5,ROGUE,The Nighthold-Normal,Elisande,nil,nil,4,false
Outtagetme-Al'Akir,09/02/17,20:48:47,[Helm of the Foreseen Vanquisher],143568,143568::::::::110:73::3::::,~ilvl men bättre stats,5,ROGUE,The Nighthold-Normal,Elisande,[Doomblade Cowl],nil,3,false
Outtagetme-Al'Akir,09/02/17,22:31:21,[Chest of the Foreseen Vanquisher],143571,143571::::::::110:73::5:1:570:::,Best In Slot!,5,ROGUE,The Nighthold-Heroic,Unknown/Chest,[Biornskin Vest],nil,1,false
Onííco-Al'Akir,05/02/17,20:22:53,[Suspended Nightwell Droplet],140831,140831::::::::110:73::5:3:3444:1497:3337:::,Den är en Upgrade,3,DRUID,The Nighthold-Heroic,Chronomatic Anomaly,[Chilled Incisor],nil,2,false
Onííco-Al'Akir,05/02/17,21:02:27,[Aluriel's Mirror],140795,140795::::::::110:73::5:3:3516:1487:1813:::,Best In Slot!,4,DRUID,The Nighthold-Heroic,Spellblade Aluriel,[Vial of Nightmare Fog],[Heightened Senses],1,false
Onííco-Al'Akir,09/02/17,20:48:10,[Bracers of Impossible Choices],140889,140889::::::::110:73::3:3:3514:1472:1813:::,~ilvl men bättre stats,6,DRUID,The Nighthold-Normal,Elisande,[Dragonspur Wristguards],nil,3,false
Onííco-Al'Akir,09/02/17,20:48:26,[Ephemeral Paradox],140805,140805::::::::110:73::3:3:3514:1472:1813:::,~ilvl men bättre stats,5,DRUID,The Nighthold-Normal,Elisande,[Vial of Nightmare Fog],[Aluriel's Mirror],3,false
Onííco-Al'Akir,23/02/17,21:21:51,[Stutterstep Treads],140860,140860::::::::110:73::5:3:3444:1487:3336:::,Offspec,2,DRUID,The Nighthold-Heroic,Chronomatic Anomaly,[Boots of Endless Betrayal],nil,4,false
Onííco-Al'Akir,23/02/17,21:32:23,[Construct Personality Sphere],140838,140838::::::::110:73::5:3:3444:1482:1813:::,Den är en Upgrade,4,DRUID,The Nighthold-Heroic,Trilliax,[Shaladrassil's Blossom],[Fauna Analysis Widget],2,false
Onííco-Al'Akir,23/02/17,22:22:34,[Well-Flattened Wristguards],140857,140857::::::::110:73::5:3:3516:1487:1813:::,Den är en Upgrade,5,DRUID,The Nighthold-Heroic,Unknown/Chest,[Dragonspur Wristguards],nil,2,false
Onííco-Al'Akir,09/03/17,22:50:59,[Ephemeral Paradox],140805,140805::::::::110:73::5:4:3516:41:1492:3336:::,~ilvl men bättre stats,1,DRUID,The Nighthold-Heroic,Elisande,[Vial of Nightmare Fog],[Aluriel's Mirror],3,false
Onííco-Al'Akir,09/03/17,22:51:42,[Helm of the Foreseen Vanquisher],143568,143568::::::::110:73::5:1:570:::,Den är en Upgrade,0,DRUID,The Nighthold-Heroic,Elisande,[Hood of the Astral Warden],nil,2,false
Onííco-Al'Akir,16/03/17,21:03:41,[Arcanogolem Digit],140794,140794::::::::110:73::5:3:3444:1482:1813:::,Offspec,0,DRUID,The Nighthold-Heroic,Trilliax,[Heightened Senses],[Aluriel's Mirror],4,false
Onííco-Al'Akir,16/03/17,22:09:29,[Gauntlets of the Foreseen Vanquisher],143567,143567::::::::110:73::5:1:570:::,Den är en Upgrade,0,DRUID,The Nighthold-Heroic,Star Augur Etraeus,[Gloves of Issued Challenge],nil,2,false
Shuyah-Al'Akir,29/01/17,20:56:01,[Gauntlets of Fractured Eons],140879,140879::::::::110:73::5:3:3444:1497:3337:::,Best In Slot!,5,WARRIOR,The Nighthold-Heroic,Chronomatic Anomaly,[Stormwake Handguards],nil,1,false
Shuyah-Al'Akir,09/02/17,21:44:54,[Cloak of the Foreseen Protector],143579,143579::::::::110:73::5:1:570:::,Den är en Upgrade,2,WARRIOR,The Nighthold-Heroic,Trilliax,[Greatcloak of the Obsidian Aspect],nil,2,false
Shuyah-Al'Akir,09/02/17,22:50:57,[Sabatons of Unchanging Fate],140891,140891::::::::110:73::5:4:3516:41:1487:1813:::,Best In Slot!,5,WARRIOR,The Nighthold-Heroic,Star Augur Etraeus,[Rook Footman's Warboots],nil,1,false
Shuyah-Al'Akir,12/02/17,21:01:13,[Goresmeared Abyssal Waistplate],140892,140892::::::::110:73::5:3:3516:1487:1813:::,~ilvl men bättre stats,5,WARRIOR,The Nighthold-Heroic,Tichondrius,[Girdle of the Nethertouched],nil,3,false
Selusi-Al'Akir,02/02/17,21:16:12,[Entwined Elemental Foci],140796,140796::::::::110:73::3:3:3514:1477:3336:::,Best In Slot!,4,DEMONHUNTER,The Nighthold-Normal,Spellblade Aluriel,[Memento of Angerboda],[Bloodthirsty Instinct],1,false
Selusi-Al'Akir,09/02/17,21:43:53,[Cake Carrier's Girdle],140858,140858::::::::110:73::5:3:3444:1482:1813:::,Best In Slot!,5,DEMONHUNTER,The Nighthold-Heroic,Trilliax,[High Shadow Councilor's Wrap],nil,1,false
Selusi-Al'Akir,09/02/17,22:33:14,[Beleron's Choker of Misery],140899,140899::::::::110:73::5:3:3516:1487:1813:::,Best In Slot!,4,DEMONHUNTER,The Nighthold-Heroic,Unknown/Chest,[Vindictive Gladiator's Necklace],nil,1,false
Selusi-Al'Akir,12/02/17,21:01:56,[Shoulders of the Foreseen Conqueror],143566,143566::::::::110:73::5:1:570:::,Den är en Upgrade,3,DEMONHUNTER,The Nighthold-Heroic,Tichondrius,nil,nil,2,false
Selusi-Al'Akir,16/02/17,22:14:32,[Cloak of the Foreseen Conqueror],143577,143577::::::::110:73::5:1:570:::,Best In Slot!,3,DEMONHUNTER,The Nighthold-Heroic,Trilliax,nil,nil,1,false
Lightningcow-Al'Akir,29/01/17,21:22:47,[Cloak of the Foreseen Protector],143579,143579::::::::110:73::5:1:570:::,Best In Slot!,3,SHAMAN,The Nighthold-Heroic,Trilliax,[Mainsail Cloak],nil,1,false
Lightningcow-Al'Akir,29/01/17,22:23:29,[Emblazoned Duskwatch Belt],140868,140868::::::::110:73::5:3:3516:1502:3337:::,Best In Slot!,5,SHAMAN,The Nighthold-Heroic,Spellblade Aluriel,[Creeping String of Larva],nil,1,false
Lightningcow-Al'Akir,02/02/17,20:38:56,[Stinger Resistant Bracers],140876,140876::::::::110:73::3:3:3443:1467:1813:::,Offspec,1,SHAMAN,The Nighthold-Normal,Skorpyron,[Manacles of the Nightmare Colossus],nil,4,false
Lightningcow-Al'Akir,05/02/17,21:36:39,[Unkindled Ember],140835,140835::::::::110:73::5:3:3516:1492:3336:::,Best In Slot!,6,SHAMAN,The Nighthold-Heroic,Unknown/Chest,[Exothermic Core],nil,1,false
Lightningcow-Al'Akir,09/02/17,21:34:28,[Hood of Fading Opportunity],140903,140903::::::::110:73::5:3:3444:1482:1813:::,Offspec,6,SHAMAN,The Nighthold-Heroic,Chronomatic Anomaly,[Hood of Fading Opportunity],nil,4,false
Lightningcow-Al'Akir,09/02/17,22:54:22,[Gauntlets of the Foreseen Protector],143573,143573::::::::110:73::5:1:570:::,Den är en Upgrade,2,SHAMAN,The Nighthold-Heroic,Star Augur Etraeus,[Lavabreaker Gauntlets],nil,2,false
Lightningcow-Al'Akir,12/02/17,22:23:20,[Nightblooming Frond],140802,140802::::::::110:73::5:4:3516:1808:1487:1813:::,Best In Slot!,5,SHAMAN,The Nighthold-Heroic,Arcanist Tel'arn,[Nightblooming Frond],[Entwined Elemental Foci],1,false
Lightningcow-Al'Akir,16/02/17,21:12:42,[Helm of the Foreseen Protector],143575,143575::::::::110:73::3::::,Den är en Upgrade,2,SHAMAN,The Nighthold-Normal,Elisande,[Hood of Fading Opportunity],nil,2,false
Lightningcow-Al'Akir,19/02/17,21:54:26,[Shoulders of the Foreseen Protector],143576,143576::::::::110:73::5:1:570:::,Den är en Upgrade,5,SHAMAN,The Nighthold-Heroic,Tichondrius,[Thorny Bramblemail Pauldrons],nil,2,false
Lightningcow-Al'Akir,16/03/17,21:02:27,[Pertinacious Legplates],140871,140871::::::::110:73::5:3:3444:1482:1813:::,Offspec,0,SHAMAN,The Nighthold-Heroic,Trilliax,[Faultline Leggings],nil,4,false
Lightningcow-Al'Akir,16/03/17,21:28:51,[Fingernail of the Fel Brute],140816,140816::::::::110:73::5:3:3516:1487:1813:::,Den är en Upgrade,3,SHAMAN,The Nighthold-Heroic,Unknown/Chest,[Scything Quill],nil,2,false
Zaranof-Al'Akir,29/01/17,20:50:50,[Hood of Fading Opportunity],140903,140903::::::::110:73::5:3:3444:1482:1813:::,Offspec,0,SHAMAN,The Nighthold-Heroic,Chronomatic Anomaly,[Greyed Dragonscale Coif],nil,4,false
Zaranof-Al'Akir,29/01/17,20:53:32,[Suspended Nightwell Droplet],140831,140831::::::::110:73::5:3:3444:1482:1813:::,Den är en Upgrade,2,SHAMAN,The Nighthold-Heroic,Chronomatic Anomaly,[Chilled Incisor],nil,2,false
Zaranof-Al'Akir,29/01/17,22:22:48,[Aluriel's Mirror],140795,140795::::::::110:73::5:3:3516:1487:1813:::,Best In Slot!,4,SHAMAN,The Nighthold-Heroic,Spellblade Aluriel,[Heightened Senses],[Etraeus' Celestial Map],1,false
Zaranof-Al'Akir,29/01/17,22:23:13,[Sabatons of Burning Steps],140867,140867::::::::110:73::5:3:3516:1487:1813:::,Den är en Upgrade,5,SHAMAN,The Nighthold-Heroic,Spellblade Aluriel,[Malignant Sabatons],nil,2,false
Zaranof-Al'Akir,02/02/17,23:12:15,[Stinger Resistant Bracers],140876,140876::::::::110:73::5:3:3444:1487:3336:::,Den är en Upgrade,3,SHAMAN,The Nighthold-Heroic,Skorpyron,[Assorted Dragonscale Bracers],nil,2,false
Brollish-Al'Akir,29/01/17,22:27:31,[Entwined Elemental Foci],140796,140796::::::::110:73::5:3:3516:1492:3336:::,Best In Slot!,2,HUNTER,The Nighthold-Heroic,Spellblade Aluriel,[Bloodthirsty Instinct],[Ethereal Urn],1,false
Brollish-Al'Akir,02/02/17,21:08:43,[Soggy Manascrubber Brush],140812,140812::::::::110:73::3:3:3443:1467:1813:::,Offspec,4,HUNTER,The Nighthold-Normal,Promenade Guard,[Tincture of Arcwine],nil,4,false
Brollish-Al'Akir,05/02/17,21:36:49,[Chest of the Foreseen Protector],143572,143572::::::::110:73::5:1:570:::,Den är en Upgrade,6,HUNTER,The Nighthold-Heroic,Unknown/Chest,[Arcanochitin Hauberk],nil,2,false
Brollish-Al'Akir,23/02/17,21:12:14,[Arcanochitin Hauberk],140875,140875::::::::110:73::5:3:3444:1502:3337:::,Den är en Upgrade,3,HUNTER,The Nighthold-Heroic,Skorpyron,[Arcanochitin Hauberk],nil,2,false
Brollish-Al'Akir,23/02/17,21:32:33,[Foreign Contaminant],140818,140818::::::::110:73::5:3:3444:1482:1813:::,~ilvl men bättre stats,4,HUNTER,The Nighthold-Heroic,Trilliax,[Grisly Souvenir],nil,3,false
Brollish-Al'Akir,02/03/17,23:06:54,[Fury of the Burning Sky],140801,140801::::::::110:73::5:3:3516:1487:1813:::,~ilvl men bättre stats,4,HUNTER,The Nighthold-Heroic,Arcanist Tel'arn,[Entwined Elemental Foci],[Convergence of Fates],3,false
Mcpalla-Al'Akir,09/02/17,21:01:55,[Leggings of the Foreseen Conqueror],143564,143564::::::::110:73::3::::,Best In Slot!,3,PALADIN,The Nighthold-Normal,Unknown/Chest,[Legguards of Illusory Burdens],nil,1,false
Mcpalla-Al'Akir,09/02/17,21:18:23,[Claw of the Crystalline Scorpid],140790,140790::::::::110:73::5:3:3444:1487:3336:::,~ilvl men bättre stats,2,PALADIN,The Nighthold-Heroic,Skorpyron,[Convergence of Fates],[Claw of the Crystalline Scorpid],3,false
Kib-Al'Akir,02/02/17,20:47:59,[Pauldrons of Warped Memory],140872,140872::::::::110:73::3:3:3443:1467:1813:::,~ilvl men bättre stats,2,SHAMAN,The Nighthold-Normal,Chronomatic Anomaly,[Matted Fur Pauldrons],nil,3,false
Kib-Al'Akir,02/02/17,22:50:31,[Ring of the Scoured Clan],140897,140897::::::::110:73::3:3:3515:1487:3336:::,Best In Slot!,1,SHAMAN,The Nighthold-Normal,Shuyah,[Marshstomper Oracle's Loop],[Arch-Druid's Tainted Seal],1,false
Kib-Al'Akir,09/02/17,21:32:53,[Pauldrons of Warped Memory],140872,140872::::::::110:73::5:3:3444:1482:1813:::,Offline or RCLootCouncil not installed,0,SHAMAN,The Nighthold-Heroic,Chronomatic Anomaly,nil,nil,NOTHING,false
Kib-Al'Akir,16/02/17,22:28:24,[Heart of Frost],140832,140832::::::::110:73::5:3:3516:1492:3336:::,Best In Slot!,3,SHAMAN,The Nighthold-Heroic,Spellblade Aluriel,[Seacursed Mist],nil,1,false
Kib-Al'Akir,16/02/17,22:41:19,[Chest of the Foreseen Protector],143572,143572::::::::110:73::5:1:570:::,Best In Slot!,1,SHAMAN,The Nighthold-Heroic,Kib,[Chestguard of Ravaged Chitin],nil,1,false
Kib-Al'Akir,23/02/17,21:21:44,[Hood of Fading Opportunity],140903,140903::::::::110:73::5:3:3444:1482:1813:::,Best In Slot!,2,SHAMAN,The Nighthold-Heroic,Chronomatic Anomaly,[Collar of Blindsight],nil,1,false
Kib-Al'Akir,23/02/17,21:46:17,[Aluriel's Mirror],140795,140795::::::::110:73::5:4:3516:1808:1487:1813:::,Best In Slot!,3,SHAMAN,The Nighthold-Heroic,Spellblade Aluriel,[Infernal Alchemist Stone],[Etraeus' Celestial Map],1,false
Kib-Al'Akir,23/02/17,22:39:48,[Gauntlets of the Foreseen Protector],143573,143573::::::::110:73::5:1:570:::,Best In Slot!,1,SHAMAN,The Nighthold-Heroic,Star Augur Etraeus,[Gauntlets of the Demented Mind],nil,1,false
Kib-Al'Akir,26/02/17,20:32:27,[Parasitic Spore],140839,140839::::::::110:73::5:3:3516:1487:1813:::,~ilvl men bättre stats,3,SHAMAN,The Nighthold-Heroic,Arcanist Tel'arn,[Parasitic Spore],[Relinquishing Grip of Helheim],3,false
Kib-Al'Akir,02/03/17,20:57:46,[Hood of Fading Opportunity],140903,140903::::::::110:73::5:3:3444:1492:3336:::,~ilvl men bättre stats,4,SHAMAN,The Nighthold-Heroic,Chronomatic Anomaly,[Hood of Fading Opportunity],nil,3,false
Kib-Al'Akir,02/03/17,23:06:51,[Shal'dorei Weedstompers],140873,140873::::::::110:73::5:3:3516:1487:1813:::,Den är en Upgrade,4,SHAMAN,The Nighthold-Heroic,Arcanist Tel'arn,[Bitestone Boots],nil,2,false
Kib-Al'Akir,09/03/17,21:04:03,[Cloak of the Foreseen Protector],143579,143579::::::::110:73::5:1:570:::,Den är en Upgrade,4,SHAMAN,The Nighthold-Heroic,Trilliax,[Feathermane Feather Cloak],nil,2,false
